url,name,company_code,locale,country
https://jobs.bell.ca,Bell Canada,,en_us,us
https://careers.gehealthcare.com,GE HealthCare,,en_us,us
https://careers.roche.com,Roche,,en_us,us
https://www.careers.philips.com,Philips,,en_us,us
https://careers.southwestair.com,Southwest Airlines,,en_us,us
https://careers.ucb.com,UCB Pharma,,en_us,us
https://jobs.thecignagroup.com,Cigna Group,,en_us,us
https://careers.chenmed.com,ChenMed,,en_us,us
https://careers.fisglobal.com,FIS,,en_us,us
https://careers.allianz.com,Allianz,,en_us,us
https://careers.abb,ABB,,en_us,us
https://careers.dhl.com,DHL,,en_us,us
https://careers.thalesgroup.com,Thales Group,,en_us,us
https://careers.hpe.com,HPE,,en_us,us
https://careers.bcg.com,BCG,,en_us,us
https://careers.wbd.com,Warner Bros Discovery,,en_us,us
https://careers.regions.com,Regions Bank,,en_us,us
https://careers.mastercard.com,Mastercard,,en_us,us
https://jobs.baesystems.com,BAE Systems,,en_us,us
https://careers.united.com,United Airlines,,en_us,us
https://careers.merckgroup.com,Merck Group,,en_us,us
https://jobs.bmo.com,BMO,,en_us,us
https://careers.dutchbros.com,Dutch Bros Coffee,,en_us,us
https://careers.usbank.com,U.S. Bank,,en_us,us
https://careers.usventure.com,U.S. Venture,,en_us,us
https://careers.pnc.com,PNC,,en_us,us
https://jobs.hilton.com,Hilton,,en_us,us
https://careers.radian.com,Radian,,en_us,us
https://careers.mars.com,Mars,,en_us,us
https://careers.foxrehab.org,Fox Rehabilitation,,en_us,us
https://careers.michaels.com,Michaels,,en_us,us
https://careers.aspendental.com,Aspen Dental,,en_us,us
https://careers.bonsecours.com,Bon Secours,,en_us,us
https://careers.omnicable.com,OmniCable,,en_us,us
https://careers.cisco.com,Cisco,,en_us,us
https://careers.itw.com,ITW,,en_us,us
https://careers.dupont.com,DuPont,,en_us,us
https://careers.ppg.com,PPG,,en_us,us
https://jobs.applied.com,Applied Industrial Technologies,,en_us,us
https://jobs.danaher.com,Danaher,,en_us,us
https://careers.snowflake.com,Snowflake,,en_us,us
https://careers.adobe.com,Adobe,,en_us,us
https://careers.mcafee.com,McAfee,,en_us,us
https://careers.fiserv.com,Fiserv,,en_us,us
https://careers.statestreet.com,State Street,,en_us,us
https://jobs.msd.com,MSD,,en_us,us
https://careers.labcorp.com,Labcorp,,en_us,us
https://careers.fortrea.com,Fortrea,,en_us,us
https://careers.catalent.com,Catalent,,en_us,us
https://careers.zimmerbiomet.com,Zimmer Biomet,,en_us,us
