name,slug,url
Akin,https://recruiting.ultipro.com/CHI1020/JobBoard/548fb303-9b4b-c600-6802-1df2ed6c6aaa,https://recruiting.ultipro.com/CHI1020/JobBoard/548fb303-9b4b-c600-6802-1df2ed6c6aaa
Bergen New Bridge Medical Center,https://recruiting.ultipro.com/BER1003BRMC/JobBoard/7362b0d4-9214-406f-86b5-85f44c6f1238,https://recruiting.ultipro.com/BER1003BRMC/JobBoard/7362b0d4-9214-406f-86b5-85f44c6f1238
Building Material Distributors,https://recruiting.ultipro.com/BUI1004BMDI/JobBoard/6b442184-52a5-4635-8db5-5aa4bed2a563,https://recruiting.ultipro.com/BUI1004BMDI/JobBoard/6b442184-52a5-4635-8db5-5aa4bed2a563
City of Ann Arbor,https://recruiting.ultipro.com/CIT1009CA2/JobBoard/f90d5294-f62d-4de2-9878-31193309121c,https://recruiting.ultipro.com/CIT1009CA2/JobBoard/f90d5294-f62d-4de2-9878-31193309121c
Comprehensive Logistics,https://recruiting.ultipro.com/com1074clcl/JobBoard/8a0d300a-f96c-4397-8ab4-86c9c5e8ab57,https://recruiting.ultipro.com/com1074clcl/JobBoard/8a0d300a-f96c-4397-8ab4-86c9c5e8ab57
E Ink,https://recruiting.ultipro.com/EIN1000EINK/JobBoard/a41773f4-adab-4192-88a9-8bc27fbad529,https://recruiting.ultipro.com/EIN1000EINK/JobBoard/a41773f4-adab-4192-88a9-8bc27fbad529
Explore St. Louis,https://recruiting.ultipro.com/STL1001STLC/JobBoard/a420e1a5-49da-4a4a-bd17-330f039c4fa9,https://recruiting.ultipro.com/STL1001STLC/JobBoard/a420e1a5-49da-4a4a-bd17-330f039c4fa9
Fortegra Europe,https://recruiting.ultipro.com/FOR1024FRTF/JobBoard/f4673aa1-86d7-4bb3-b04f-7e14715cc4c7,https://recruiting.ultipro.com/FOR1024FRTF/JobBoard/f4673aa1-86d7-4bb3-b04f-7e14715cc4c7
Fusable,https://recruiting.ultipro.com/RAN1004/JobBoard/c4a6f199-4067-786a-1f9d-9fa3d8111d01,https://recruiting.ultipro.com/RAN1004/JobBoard/c4a6f199-4067-786a-1f9d-9fa3d8111d01
Hensel Phelps,https://recruiting2.ultipro.com/HEN1009HPCC/JobBoard/b27ab828-18a9-4f10-8ee1-8259de6c9e73,https://recruiting2.ultipro.com/HEN1009HPCC/JobBoard/b27ab828-18a9-4f10-8ee1-8259de6c9e73
Indelible,https://recruiting.ultipro.com/IND1018IDBS/JobBoard/3a98c28a-7062-48c1-94d5-c02f29bf8eb0,https://recruiting.ultipro.com/IND1018IDBS/JobBoard/3a98c28a-7062-48c1-94d5-c02f29bf8eb0
Octapharma Plasma,https://recruiting.ultipro.com/OCT1000OCTPL/JobBoard/4e94a157-04c3-4e65-8698-f4e41066e5b6,https://recruiting.ultipro.com/OCT1000OCTPL/JobBoard/4e94a157-04c3-4e65-8698-f4e41066e5b6
RealTruck,https://recruiting.ultipro.com/TRU1016TRKH/JobBoard/8457004c-183a-4d47-967d-c7961234886e,https://recruiting.ultipro.com/TRU1016TRKH/JobBoard/8457004c-183a-4d47-967d-c7961234886e
Royal College,https://recruiting.ultipro.ca/ROY5000RCPS/JobBoard/9a9d6241-e23f-47c0-80f3-e43a148972a0,https://recruiting.ultipro.ca/ROY5000RCPS/JobBoard/9a9d6241-e23f-47c0-80f3-e43a148972a0
Save the Children,https://recruiting.ultipro.com/SAV1002STCF/JobBoard/7d92e82b-af74-464d-859b-c5b8cba6e92e,https://recruiting.ultipro.com/SAV1002STCF/JobBoard/7d92e82b-af74-464d-859b-c5b8cba6e92e
Sportsman's Guide,https://recruiting.ultipro.com/WIN1014WINDQ/JobBoard/08eb8299-5b26-4208-adb7-897aa42c6959,https://recruiting.ultipro.com/WIN1014WINDQ/JobBoard/08eb8299-5b26-4208-adb7-897aa42c6959
Surgery Partners,https://recruiting.ultipro.com/SUR1004SRGY/JobBoard/aa616d8f-f2a8-46c2-8f8e-1ca56e162ffd,https://recruiting.ultipro.com/SUR1004SRGY/JobBoard/aa616d8f-f2a8-46c2-8f8e-1ca56e162ffd
United Nations Foundation,https://recruiting.ultipro.com/UNI1076UNFI/JobBoard/86df2700-c124-49b9-b096-7cacea55e9dd,https://recruiting.ultipro.com/UNI1076UNFI/JobBoard/86df2700-c124-49b9-b096-7cacea55e9dd
Upstate Niagara Cooperative,https://recruiting.ultipro.com/ups1000upnc/JobBoard/8278ab32-7638-486b-a889-8265d76f85da,https://recruiting.ultipro.com/ups1000upnc/JobBoard/8278ab32-7638-486b-a889-8265d76f85da
